id,name,photo,email,password,created_at,updated_at
1,sasaas,"",asuraliyev405@gmail.com,As?dj/fur12324343,2024-09-20 09:58:59,2024-09-20 09:58:59
2,sasaas22332,,asuraliye2223v405@gmail.com,As?dj/fur12324343,2024-09-20 11:45:06,2024-09-20 11:45:06
3,Alice Johnson,https://example.com/photos/alice.jpg,alice@example.com,password123,2024-09-20 16:57:00,2024-09-20 16:57:00
4,Bob Smith,https://example.com/photos/bob.jpg,bob@example.com,securepass456,2024-09-20 16:57:00,2024-09-20 16:57:00
5,Charlie Brown,https://example.com/photos/charlie.jpg,charlie@example.com,mypassword789,2024-09-20 16:57:00,2024-09-20 16:57:00
6,Daisy Miller,https://example.com/photos/daisy.jpg,daisy@example.com,passw0rd!,2024-09-20 16:57:00,2024-09-20 16:57:00
7,Ethan Hunt,https://example.com/photos/ethan.jpg,ethan@example.com,agent007,2024-09-20 16:57:00,2024-09-20 16:57:00
8,Fiona Green,https://example.com/photos/fiona.jpg,fiona@example.com,fionapass,2024-09-20 16:57:00,2024-09-20 16:57:00
9,George Black,https://example.com/photos/george.jpg,george@example.com,george123,2024-09-20 16:57:00,2024-09-20 16:57:00
10,Hannah White,https://example.com/photos/hannah.jpg,hannah@example.com,hannah@321,2024-09-20 16:57:00,2024-09-20 16:57:00
11,Ian Gold,https://example.com/photos/ian.jpg,ian@example.com,goldenpass,2024-09-20 16:57:00,2024-09-20 16:57:00
12,Julia Blue,https://example.com/photos/julia.jpg,julia@example.com,julia2021,2024-09-20 16:57:00,2024-09-20 16:57:00
13,Kevin Red,https://example.com/photos/kevin.jpg,kevin@example.com,kevin2022,2024-09-20 16:57:00,2024-09-20 16:57:00
14,Lily Violet,https://example.com/photos/lily.jpg,lily@example.com,lily@pass,2024-09-20 16:57:00,2024-09-20 16:57:00
15,Mike Silver,https://example.com/photos/mike.jpg,mike@example.com,mikesecure,2024-09-20 16:57:00,2024-09-20 16:57:00
16,Nina Gray,https://example.com/photos/nina.jpg,nina@example.com,nina@pass,2024-09-20 16:57:00,2024-09-20 16:57:00
17,Oscar White,https://example.com/photos/oscar.jpg,oscar@example.com,oscarpass123,2024-09-20 16:57:00,2024-09-20 16:57:00
